Actor_label,Country_label,Kpi_label_corporate,Fact_date,Kpi_value,,,
Viaplay,USA,SVOD subscribers,2021-12-31,6000,,,
Viaplay,USA,SVOD subscribers,2022-03-31,11000,,,
Viaplay,USA,SVOD subscribers,2022-06-30,21000,,,
Viaplay,USA,SVOD subscribers,2022-09-30,40000,,,
Viaplay,USA,SVOD subscribers,2022-12-31,66000,,,
Hulu,USA,SVOD subscribers,2021-03-31,41600000,,,
Hulu,USA,SVOD subscribers,2021-06-30,42800000,,,
Hulu,USA,SVOD subscribers,2021-09-30,43700000,,,
Hulu,USA,SVOD subscribers,2021-12-31,45200000,,,
Hulu,USA,SVOD subscribers,2022-03-31,45500000,,,
Hulu,USA,SVOD subscribers,2022-06-30,46200000,,,
Hulu,USA,SVOD subscribers,2022-09-30,47200000,,,
Hulu,USA,SVOD subscribers,2022-12-31,48000000,,,
iQiYi,USA,SVOD subscribers,2022-06-30,126680,,,
iQiYi,USA,SVOD subscribers,2022-09-30,129220,,,
iQiYi,USA,SVOD subscribers,2022-12-31,131800,,,
Fandor,USA,SVOD subscribers,2021-03-31,47141,,,
Fandor,USA,SVOD subscribers,2021-06-30,48084,,,
Fandor,USA,SVOD subscribers,2021-09-30,49046,,,
Fandor,USA,SVOD subscribers,2021-12-31,50027,,,
Fandor,USA,SVOD subscribers,2022-03-31,51027,,,
Fandor,USA,SVOD subscribers,2022-06-30,52048,,,
Fandor,USA,SVOD subscribers,2022-09-30,53089,,,
Fandor,USA,SVOD subscribers,2022-12-31,54150,,,
Sling TV,USA,SVOD subscribers,2021-03-31,2374000,,,
Sling TV,USA,SVOD subscribers,2021-06-30,2439000,,,
Sling TV,USA,SVOD subscribers,2021-09-30,2556000,,,
Sling TV,USA,SVOD subscribers,2021-12-31,2486000,,,
Sling TV,USA,SVOD subscribers,2022-03-31,2252000,,,
Sling TV,USA,SVOD subscribers,2022-06-30,2197000,,,
Sling TV,USA,SVOD subscribers,2022-09-30,2411000,,,
Sling TV,USA,SVOD subscribers,2022-12-31,2334000,,,
Showtime Streaming,USA,SVOD subscribers,2021-03-31,9815467,,,
Showtime Streaming,USA,SVOD subscribers,2021-06-30,10502549,,,
Showtime Streaming,USA,SVOD subscribers,2021-09-30,11237728,,,
Showtime Streaming,USA,SVOD subscribers,2021-12-31,12024369,,,
Showtime Streaming,USA,SVOD subscribers,2022-03-31,12505343,,,
Showtime Streaming,USA,SVOD subscribers,2022-06-30,12192710,,,
Showtime Streaming,USA,SVOD subscribers,2022-09-30,11887892,,,
Showtime Streaming,USA,SVOD subscribers,2022-12-31,11590695,,,
Boomerang,USA,SVOD subscribers,2021-03-31,265358,,,
Boomerang,USA,SVOD subscribers,2021-06-30,273319,,,
Boomerang,USA,SVOD subscribers,2021-09-30,281518,,,
Boomerang,USA,SVOD subscribers,2021-12-31,289964,,,
Boomerang,USA,SVOD subscribers,2022-03-31,298663,,,
Boomerang,USA,SVOD subscribers,2022-06-30,307622,,,
Boomerang,USA,SVOD subscribers,2022-09-30,316851,,,
Boomerang,USA,SVOD subscribers,2022-12-31,326357,,,
Univision Now,USA,SVOD subscribers,2021-03-31,20434,,,
Univision Now,USA,SVOD subscribers,2021-06-30,20639,,,
Univision Now,USA,SVOD subscribers,2021-09-30,20845,,,
Univision Now,USA,SVOD subscribers,2021-12-31,21053,,,
Univision Now,USA,SVOD subscribers,2022-03-31,21264,,,
Univision Now,USA,SVOD subscribers,2022-06-30,21477,,,
Univision Now,USA,SVOD subscribers,2022-09-30,21691,,,
Univision Now,USA,SVOD subscribers,2022-12-31,21908,,,
i-ON TV,USA,SVOD subscribers,2021-03-31,1725,,,
i-ON TV,USA,SVOD subscribers,2021-06-30,1725,,,
i-ON TV,USA,SVOD subscribers,2021-09-30,1725,,,
i-ON TV,USA,SVOD subscribers,2021-12-31,1725,,,
i-ON TV,USA,SVOD subscribers,2022-03-31,1725,,,
i-ON TV,USA,SVOD subscribers,2022-06-30,1725,,,
i-ON TV,USA,SVOD subscribers,2022-09-30,1725,,,
i-ON TV,USA,SVOD subscribers,2022-12-31,1725,,,
Shudder,USA,SVOD subscribers,2021-03-31,814239,,,
Shudder,USA,SVOD subscribers,2021-06-30,871236,,,
Shudder,USA,SVOD subscribers,2021-09-30,932222,,,
Shudder,USA,SVOD subscribers,2021-12-31,1035000,,,
Shudder,USA,SVOD subscribers,2022-03-31,1092500,,,
Shudder,USA,SVOD subscribers,2022-06-30,1184500,,,
Shudder,USA,SVOD subscribers,2022-09-30,1230500,,,
Shudder,USA,SVOD subscribers,2022-12-31,1357000,,,
Sundance Now,USA,SVOD subscribers,2021-03-31,838221,,,
Sundance Now,USA,SVOD subscribers,2021-06-30,880132,,,
Sundance Now,USA,SVOD subscribers,2021-09-30,924139,,,
Sundance Now,USA,SVOD subscribers,2021-12-31,945000,,,
Sundance Now,USA,SVOD subscribers,2022-03-31,997500,,,
Sundance Now,USA,SVOD subscribers,2022-06-30,1081500,,,
Sundance Now,USA,SVOD subscribers,2022-09-30,1123500,,,
Sundance Now,USA,SVOD subscribers,2022-12-31,1239000,,,
Tennis Channel Plus,USA,SVOD subscribers,2021-03-31,12988,,,
Tennis Channel Plus,USA,SVOD subscribers,2021-06-30,15585,,,
Tennis Channel Plus,USA,SVOD subscribers,2021-09-30,18702,,,
Tennis Channel Plus,USA,SVOD subscribers,2021-12-31,16832,,,
Tennis Channel Plus,USA,SVOD subscribers,2022-03-31,18515,,,
Tennis Channel Plus,USA,SVOD subscribers,2022-06-30,20367,,,
Tennis Channel Plus,USA,SVOD subscribers,2022-09-30,22403,,,
Tennis Channel Plus,USA,SVOD subscribers,2022-12-31,20163,,,
Noggin,USA,SVOD subscribers,2021-03-31,2599928,,,
Noggin,USA,SVOD subscribers,2021-06-30,2625928,,,
Noggin,USA,SVOD subscribers,2021-09-30,2652187,,,
Noggin,USA,SVOD subscribers,2021-12-31,2678709,,,
Noggin,USA,SVOD subscribers,2022-03-31,2705496,,,
Noggin,USA,SVOD subscribers,2022-06-30,2732551,,,
Noggin,USA,SVOD subscribers,2022-09-30,2759876,,,
Noggin,USA,SVOD subscribers,2022-12-31,2787475,,,
Hallmark+,USA,SVOD subscribers,2021-03-31,1050000,,,
Hallmark+,USA,SVOD subscribers,2021-06-30,1102500,,,
Hallmark+,USA,SVOD subscribers,2021-09-30,1157625,,,
Hallmark+,USA,SVOD subscribers,2021-12-31,1215506,,,
Hallmark+,USA,SVOD subscribers,2022-03-31,1276282,,,
Hallmark+,USA,SVOD subscribers,2022-06-30,1301807,,,
Hallmark+,USA,SVOD subscribers,2022-09-30,1327843,,,
Hallmark+,USA,SVOD subscribers,2022-12-31,1354400,,,
BlazeTV+,USA,SVOD subscribers,2021-03-31,457123,,,
BlazeTV+,USA,SVOD subscribers,2021-06-30,461694,,,
BlazeTV+,USA,SVOD subscribers,2021-09-30,466311,,,
BlazeTV+,USA,SVOD subscribers,2021-12-31,470974,,,
BlazeTV+,USA,SVOD subscribers,2022-03-31,475684,,,
BlazeTV+,USA,SVOD subscribers,2022-06-30,480441,,,
BlazeTV+,USA,SVOD subscribers,2022-09-30,485245,,,
BlazeTV+,USA,SVOD subscribers,2022-12-31,490098,,,
PaulaDeen.com,USA,SVOD subscribers,2021-03-31,41010,,,
PaulaDeen.com,USA,SVOD subscribers,2021-06-30,40600,,,
PaulaDeen.com,USA,SVOD subscribers,2021-09-30,40194,,,
PaulaDeen.com,USA,SVOD subscribers,2021-12-31,39792,,,
PaulaDeen.com,USA,SVOD subscribers,2022-03-31,39394,,,
PaulaDeen.com,USA,SVOD subscribers,2022-06-30,39000,,,
PaulaDeen.com,USA,SVOD subscribers,2022-09-30,38610,,,
PaulaDeen.com,USA,SVOD subscribers,2022-12-31,38224,,,
Met Opera on Demand,USA,SVOD subscribers,2021-03-31,30575,,,
Met Opera on Demand,USA,SVOD subscribers,2021-06-30,31187,,,
Met Opera on Demand,USA,SVOD subscribers,2021-09-30,31811,,,
Met Opera on Demand,USA,SVOD subscribers,2021-12-31,32447,,,
Met Opera on Demand,USA,SVOD subscribers,2022-03-31,33096,,,
Met Opera on Demand,USA,SVOD subscribers,2022-06-30,33758,,,
Met Opera on Demand,USA,SVOD subscribers,2022-09-30,34433,,,
Met Opera on Demand,USA,SVOD subscribers,2022-12-31,35121,,,
Acorn TV,USA,SVOD subscribers,2021-03-31,1745408,,,
Acorn TV,USA,SVOD subscribers,2021-06-30,1867587,,,
Acorn TV,USA,SVOD subscribers,2021-09-30,1998318,,,
Acorn TV,USA,SVOD subscribers,2021-12-31,2025000,,,
Acorn TV,USA,SVOD subscribers,2022-03-31,2137500,,,
Acorn TV,USA,SVOD subscribers,2022-06-30,2317500,,,
Acorn TV,USA,SVOD subscribers,2022-09-30,2407500,,,
Acorn TV,USA,SVOD subscribers,2022-12-31,2655000,,,
Gaia.com,USA,SVOD subscribers,2021-03-31,494765,,,
Gaia.com,USA,SVOD subscribers,2021-06-30,507134,,,
Gaia.com,USA,SVOD subscribers,2021-09-30,519812,,,
Gaia.com,USA,SVOD subscribers,2021-12-31,532807,,,
Gaia.com,USA,SVOD subscribers,2022-03-31,546128,,,
Gaia.com,USA,SVOD subscribers,2022-06-30,559781,,,
Gaia.com,USA,SVOD subscribers,2022-09-30,573775,,,
Gaia.com,USA,SVOD subscribers,2022-12-31,607200,,,
Rabbit TV Plus,USA,SVOD subscribers,2021-03-31,13659,,,
Rabbit TV Plus,USA,SVOD subscribers,2021-06-30,14281,,,
Rabbit TV Plus,USA,SVOD subscribers,2021-09-30,14931,,,
Fubo.tv USA,USA,SVOD subscribers,2021-03-31,531865,,,
Fubo.tv USA,USA,SVOD subscribers,2021-06-30,613549,,,
Fubo.tv USA,USA,SVOD subscribers,2021-09-30,850145,,,
Fubo.tv USA,USA,SVOD subscribers,2021-12-31,1017000,,,
Fubo.tv USA,USA,SVOD subscribers,2022-03-31,950621,,,
Fubo.tv USA,USA,SVOD subscribers,2022-06-30,852300,,,
Fubo.tv USA,USA,SVOD subscribers,2022-09-30,1107900,,,
Fubo.tv USA,USA,SVOD subscribers,2022-12-31,1300500,,,
FUNimation,USA,SVOD subscribers,2021-03-31,95878,,,
FUNimation,USA,SVOD subscribers,2021-06-30,97316,,,
FUNimation,USA,SVOD subscribers,2021-09-30,98776,,,
FUNimation,USA,SVOD subscribers,2021-12-31,100258,,,
FUNimation,USA,SVOD subscribers,2022-03-31,101762,,,
FUNimation,USA,SVOD subscribers,2022-06-30,103288,,,
FUNimation,USA,SVOD subscribers,2022-09-30,104837,,,
FUNimation,USA,SVOD subscribers,2022-12-31,106410,,,
YouTube Premium,USA,SVOD subscribers,2022-03-31,10378571,,,
YouTube Premium,USA,SVOD subscribers,2022-06-30,11620731,,,
YouTube Premium,USA,SVOD subscribers,2022-09-30,12862891,,,
YouTube Premium,USA,SVOD subscribers,2022-12-31,14105052,,,
YouTube Premium,USA,SVOD subscribers,2021-03-31,7828762,,,
YouTube Premium,USA,SVOD subscribers,2021-06-30,8270690,,,
YouTube Premium,USA,SVOD subscribers,2021-09-30,8712618,,,
YouTube Premium,USA,SVOD subscribers,2021-12-31,9154546,,,
Starz,USA,SVOD subscribers,2021-03-31,10000000,,,
Starz,USA,SVOD subscribers,2021-06-30,9700000,,,
Starz,USA,SVOD subscribers,2021-09-30,10400000,,,
Starz,USA,SVOD subscribers,2021-12-31,11000000,,,
Starz,USA,SVOD subscribers,2022-03-31,11500000,,,
Starz,USA,SVOD subscribers,2022-06-30,12200000,,,
Starz,USA,SVOD subscribers,2022-09-30,12300000,,,
Starz,USA,SVOD subscribers,2022-12-31,11600000,,,
Britbox,USA,SVOD subscribers,2021-03-31,1260184,,,
Britbox,USA,SVOD subscribers,2021-06-30,1386203,,,
Britbox,USA,SVOD subscribers,2021-09-30,1524823,,,
Britbox,USA,SVOD subscribers,2021-12-31,1601064,,,
Britbox,USA,SVOD subscribers,2022-03-31,1681117,,,
Britbox,USA,SVOD subscribers,2022-06-30,1765173,,,
Britbox,USA,SVOD subscribers,2022-09-30,1853432,,,
Britbox,USA,SVOD subscribers,2022-12-31,1946103,,,
AT&T TV Now,USA,SVOD subscribers,2021-03-31,625044,,,
AT&T TV Now,USA,SVOD subscribers,2021-06-30,602498,,,
PBS Passport,USA,SVOD subscribers,2021-03-31,180468,,,
PBS Passport,USA,SVOD subscribers,2021-06-30,178664,,,
PBS Passport,USA,SVOD subscribers,2021-09-30,176877,,,
PBS Passport,USA,SVOD subscribers,2021-12-31,175108,,,
PBS Passport,USA,SVOD subscribers,2022-03-31,173357,,,
PBS Passport,USA,SVOD subscribers,2022-06-30,171624,,,
PBS Passport,USA,SVOD subscribers,2022-09-30,169907,,,
PBS Passport,USA,SVOD subscribers,2022-12-31,168208,,,
TVision,USA,SVOD subscribers,2021-03-31,42500,,,
C Spire,USA,SVOD subscribers,2021-03-31,125837,,,
C Spire,USA,SVOD subscribers,2021-06-30,122062,,,
C Spire,USA,SVOD subscribers,2021-09-30,118400,,,
C Spire,USA,SVOD subscribers,2021-12-31,114848,,,
C Spire,USA,SVOD subscribers,2022-03-31,111402,,,
C Spire,USA,SVOD subscribers,2022-06-30,108060,,,
C Spire,USA,SVOD subscribers,2022-09-30,104819,,,
C Spire,USA,SVOD subscribers,2022-12-31,101674,,,
NFL Game Pass,USA,SVOD subscribers,2021-03-31,171864,,,
NFL Game Pass,USA,SVOD subscribers,2021-06-30,173582,,,
NFL Game Pass,USA,SVOD subscribers,2021-09-30,175318,,,
NFL Game Pass,USA,SVOD subscribers,2021-12-31,184084,,,
NFL Game Pass,USA,SVOD subscribers,2022-03-31,180402,,,
NFL Game Pass,USA,SVOD subscribers,2022-06-30,176794,,,
Pumpone,USA,SVOD subscribers,2021-03-31,4077,,,
Pumpone,USA,SVOD subscribers,2021-06-30,4159,,,
Pumpone,USA,SVOD subscribers,2021-09-30,4242,,,
Pumpone,USA,SVOD subscribers,2021-12-31,4327,,,
Pumpone,USA,SVOD subscribers,2022-03-31,4413,,,
Pumpone,USA,SVOD subscribers,2022-06-30,4502,,,
Pumpone,USA,SVOD subscribers,2022-09-30,4592,,,
Pumpone,USA,SVOD subscribers,2022-12-31,4683,,,
Smithsonian Earth TV,USA,SVOD subscribers,2021-03-31,3728,,,
Smithsonian Earth TV,USA,SVOD subscribers,2021-06-30,3803,,,
Smithsonian Earth TV,USA,SVOD subscribers,2021-09-30,3879,,,
Smithsonian Earth TV,USA,SVOD subscribers,2021-12-31,3956,,,
Smithsonian Earth TV,USA,SVOD subscribers,2022-03-31,4035,,,
Smithsonian Earth TV,USA,SVOD subscribers,2022-06-30,4116,,,
Smithsonian Earth TV,USA,SVOD subscribers,2022-09-30,4198,,,
Smithsonian Earth TV,USA,SVOD subscribers,2022-12-31,4282,,,
Laugh Out Loud,USA,SVOD subscribers,2021-03-31,11280,,,
Laugh Out Loud,USA,SVOD subscribers,2021-06-30,11506,,,
Laugh Out Loud,USA,SVOD subscribers,2021-09-30,11736,,,
Laugh Out Loud,USA,SVOD subscribers,2021-12-31,11971,,,
Laugh Out Loud,USA,SVOD subscribers,2022-03-31,12210,,,
Laugh Out Loud,USA,SVOD subscribers,2022-06-30,12454,,,
Laugh Out Loud,USA,SVOD subscribers,2022-09-30,12703,,,
Laugh Out Loud,USA,SVOD subscribers,2022-12-31,12957,,,
Rooster Teeth,USA,SVOD subscribers,2021-03-31,279604,,,
Rooster Teeth,USA,SVOD subscribers,2021-06-30,282400,,,
Rooster Teeth,USA,SVOD subscribers,2021-09-30,285224,,,
Rooster Teeth,USA,SVOD subscribers,2021-12-31,288077,,,
Rooster Teeth,USA,SVOD subscribers,2022-03-31,290957,,,
Rooster Teeth,USA,SVOD subscribers,2022-06-30,293867,,,
Rooster Teeth,USA,SVOD subscribers,2022-09-30,296806,,,
Rooster Teeth,USA,SVOD subscribers,2022-12-31,299774,,,
Allblk,USA,SVOD subscribers,2021-03-31,69583,,,
Allblk,USA,SVOD subscribers,2021-06-30,72018,,,
Allblk,USA,SVOD subscribers,2021-09-30,74539,,,
Allblk,USA,SVOD subscribers,2021-12-31,90900,,,
Allblk,USA,SVOD subscribers,2022-03-31,95950,,,
Allblk,USA,SVOD subscribers,2022-06-30,104030,,,
Allblk,USA,SVOD subscribers,2022-09-30,108070,,,
Allblk,USA,SVOD subscribers,2022-12-31,119180,,,
Motor Trend On Demand,USA,SVOD subscribers,2021-03-31,95454,,,
Motor Trend On Demand,USA,SVOD subscribers,2021-06-30,97363,,,
Motor Trend On Demand,USA,SVOD subscribers,2021-09-30,99310,,,
Motor Trend On Demand,USA,SVOD subscribers,2021-12-31,101296,,,
Motor Trend On Demand,USA,SVOD subscribers,2022-03-31,103322,,,
Motor Trend On Demand,USA,SVOD subscribers,2022-06-30,105388,,,
Motor Trend On Demand,USA,SVOD subscribers,2022-09-30,107496,,,
Motor Trend On Demand,USA,SVOD subscribers,2022-12-31,109646,,,
Indieflix,USA,SVOD subscribers,2021-03-31,5513,,,
Indieflix,USA,SVOD subscribers,2021-06-30,5623,,,
Indieflix,USA,SVOD subscribers,2021-09-30,5735,,,
Indieflix,USA,SVOD subscribers,2021-12-31,5850,,,
Indieflix,USA,SVOD subscribers,2022-03-31,5967,,,
Indieflix,USA,SVOD subscribers,2022-06-30,6086,,,
Indieflix,USA,SVOD subscribers,2022-09-30,6208,,,
Indieflix,USA,SVOD subscribers,2022-12-31,6332,,,
College Sports Live,USA,SVOD subscribers,2021-03-31,4286,,,
College Sports Live,USA,SVOD subscribers,2021-06-30,3429,,,
College Sports Live,USA,SVOD subscribers,2021-09-30,3772,,,
College Sports Live,USA,SVOD subscribers,2021-12-31,4149,,,
College Sports Live,USA,SVOD subscribers,2022-03-31,4564,,,
College Sports Live,USA,SVOD subscribers,2022-06-30,5020,,,
College Sports Live,USA,SVOD subscribers,2022-09-30,5522,,,
College Sports Live,USA,SVOD subscribers,2022-12-31,6074,,,
FloSports,USA,SVOD subscribers,2021-03-31,435999,,,
FloSports,USA,SVOD subscribers,2021-06-30,479599,,,
FloSports,USA,SVOD subscribers,2021-09-30,527559,,,
FloSports,USA,SVOD subscribers,2021-12-31,580315,,,
FloSports,USA,SVOD subscribers,2022-03-31,609331,,,
FloSports,USA,SVOD subscribers,2022-06-30,639797,,,
FloSports,USA,SVOD subscribers,2022-09-30,671787,,,
FloSports,USA,SVOD subscribers,2022-12-31,705377,,,
TYT Network,USA,SVOD subscribers,2021-03-31,32537,,,
TYT Network,USA,SVOD subscribers,2021-06-30,33513,,,
TYT Network,USA,SVOD subscribers,2021-09-30,34518,,,
TYT Network,USA,SVOD subscribers,2021-12-31,35554,,,
TYT Network,USA,SVOD subscribers,2022-03-31,36620,,,
TYT Network,USA,SVOD subscribers,2022-06-30,37719,,,
TYT Network,USA,SVOD subscribers,2022-09-30,38851,,,
TYT Network,USA,SVOD subscribers,2022-12-31,40016,,,
YouTube TV USA,USA,SVOD subscribers,2021-03-31,3228750,,,
YouTube TV USA,USA,SVOD subscribers,2021-06-30,3341756,,,
YouTube TV USA,USA,SVOD subscribers,2021-09-30,4177195,,,
YouTube TV USA,USA,SVOD subscribers,2021-12-31,4406941,,,
YouTube TV USA,USA,SVOD subscribers,2022-03-31,4693392,,,
YouTube TV USA,USA,SVOD subscribers,2022-06-30,5021930,,,
YouTube TV USA,USA,SVOD subscribers,2022-09-30,5273026,,,
YouTube TV USA,USA,SVOD subscribers,2022-12-31,5536677,,,
Fanatiz,USA,SVOD subscribers,2022-03-31,4673,,,
Fanatiz,USA,SVOD subscribers,2022-06-30,4719,,,
Fanatiz,USA,SVOD subscribers,2022-09-30,4766,,,
Fanatiz,USA,SVOD subscribers,2022-12-31,4814,,,
Fanatiz,USA,SVOD subscribers,2021-03-31,4490,,,
Fanatiz,USA,SVOD subscribers,2021-06-30,4535,,,
Fanatiz,USA,SVOD subscribers,2021-09-30,4580,,,
Fanatiz,USA,SVOD subscribers,2021-12-31,4626,,,
Poker Go,USA,SVOD subscribers,2021-03-31,7728,,,
Poker Go,USA,SVOD subscribers,2021-06-30,7805,,,
Poker Go,USA,SVOD subscribers,2021-09-30,7883,,,
Poker Go,USA,SVOD subscribers,2021-12-31,7962,,,
Poker Go,USA,SVOD subscribers,2022-03-31,8042,,,
Poker Go,USA,SVOD subscribers,2022-06-30,8122,,,
Poker Go,USA,SVOD subscribers,2022-09-30,8203,,,
Poker Go,USA,SVOD subscribers,2022-12-31,8285,,,
Kocowa+,USA,SVOD subscribers,2021-03-31,58842,,,
Kocowa+,USA,SVOD subscribers,2021-06-30,60019,,,
Kocowa+,USA,SVOD subscribers,2021-09-30,61219,,,
Kocowa+,USA,SVOD subscribers,2021-12-31,62444,,,
Kocowa+,USA,SVOD subscribers,2022-03-31,63692,,,
Kocowa+,USA,SVOD subscribers,2022-06-30,64966,,,
Kocowa+,USA,SVOD subscribers,2022-09-30,66266,,,
Kocowa+,USA,SVOD subscribers,2022-12-31,67591,,,
History Vault,USA,SVOD subscribers,2021-03-31,9957,,,
History Vault,USA,SVOD subscribers,2021-06-30,10156,,,
History Vault,USA,SVOD subscribers,2021-09-30,10359,,,
History Vault,USA,SVOD subscribers,2021-12-31,10566,,,
History Vault,USA,SVOD subscribers,2022-03-31,10777,,,
History Vault,USA,SVOD subscribers,2022-06-30,10993,,,
History Vault,USA,SVOD subscribers,2022-09-30,11213,,,
History Vault,USA,SVOD subscribers,2022-12-31,11437,,,
Flixfling,USA,SVOD subscribers,2021-03-31,3675,,,
Flixfling,USA,SVOD subscribers,2021-06-30,3748,,,
Flixfling,USA,SVOD subscribers,2021-09-30,3823,,,
Flixfling,USA,SVOD subscribers,2021-12-31,3900,,,
Flixfling,USA,SVOD subscribers,2022-03-31,3978,,,
Flixfling,USA,SVOD subscribers,2022-06-30,4057,,,
Flixfling,USA,SVOD subscribers,2022-09-30,4138,,,
Flixfling,USA,SVOD subscribers,2022-12-31,4221,,,
Philo TV,USA,SVOD subscribers,2021-03-31,815162,,,
Philo TV,USA,SVOD subscribers,2021-06-30,831465,,,
Philo TV,USA,SVOD subscribers,2021-09-30,848095,,,
Philo TV,USA,SVOD subscribers,2021-12-31,865056,,,
Philo TV,USA,SVOD subscribers,2022-03-31,882358,,,
Philo TV,USA,SVOD subscribers,2022-06-30,900005,,,
Philo TV,USA,SVOD subscribers,2022-09-30,918005,,,
Philo TV,USA,SVOD subscribers,2022-12-31,936365,,,
Pantaya,USA,SVOD subscribers,2021-03-31,900000,,,
Pantaya,USA,SVOD subscribers,2021-06-30,933000,,,
Pantaya,USA,SVOD subscribers,2021-09-30,951660,,,
Pantaya,USA,SVOD subscribers,2021-12-31,970693,,,
Pantaya,USA,SVOD subscribers,2022-03-31,990107,,,
Pantaya,USA,SVOD subscribers,2022-06-30,1009909,,,
Pantaya,USA,SVOD subscribers,2022-09-30,959414,,,
Screambox,USA,SVOD subscribers,2021-03-31,54089,,,
Screambox,USA,SVOD subscribers,2021-06-30,60851,,,
Screambox,USA,SVOD subscribers,2021-09-30,65414,,,
Screambox,USA,SVOD subscribers,2021-12-31,81768,,,
Screambox,USA,SVOD subscribers,2022-03-31,98122,,,
Screambox,USA,SVOD subscribers,2022-06-30,117746,,,
Screambox,USA,SVOD subscribers,2022-09-30,141295,,,
Screambox,USA,SVOD subscribers,2022-12-31,169554,,,
Qello Concerts,USA,SVOD subscribers,2022-03-31,15365,,,
Qello Concerts,USA,SVOD subscribers,2022-06-30,15519,,,
Qello Concerts,USA,SVOD subscribers,2022-09-30,15674,,,
Qello Concerts,USA,SVOD subscribers,2022-12-31,15831,,,
Qello Concerts,USA,SVOD subscribers,2021-03-31,14766,,,
Qello Concerts,USA,SVOD subscribers,2021-06-30,14913,,,
Qello Concerts,USA,SVOD subscribers,2021-09-30,15063,,,
Qello Concerts,USA,SVOD subscribers,2021-12-31,15213,,,
Yuppflix,USA,SVOD subscribers,2021-03-31,8226,,,
Yuppflix,USA,SVOD subscribers,2021-06-30,8308,,,
Yuppflix,USA,SVOD subscribers,2021-09-30,8391,,,
Yuppflix,USA,SVOD subscribers,2021-12-31,8475,,,
Yuppflix,USA,SVOD subscribers,2022-03-31,8560,,,
Yuppflix,USA,SVOD subscribers,2022-06-30,8646,,,
Yuppflix,USA,SVOD subscribers,2022-09-30,8732,,,
Yuppflix,USA,SVOD subscribers,2022-12-31,8819,,,
Pureflix,USA,SVOD subscribers,2021-03-31,612149,,,
Pureflix,USA,SVOD subscribers,2021-06-30,632350,,,
Pureflix,USA,SVOD subscribers,2021-09-30,653218,,,
Pureflix,USA,SVOD subscribers,2021-12-31,674774,,,
Pureflix,USA,SVOD subscribers,2022-03-31,697042,,,
Pureflix,USA,SVOD subscribers,2022-06-30,720044,,,
Pureflix,USA,SVOD subscribers,2022-09-30,743805,,,
Pureflix,USA,SVOD subscribers,2022-12-31,768351,,,
Broadway HD,USA,SVOD subscribers,2021-03-31,7129,,,
Broadway HD,USA,SVOD subscribers,2021-06-30,7271,,,
Broadway HD,USA,SVOD subscribers,2021-09-30,7417,,,
Broadway HD,USA,SVOD subscribers,2021-12-31,7565,,,
Broadway HD,USA,SVOD subscribers,2022-03-31,7716,,,
Broadway HD,USA,SVOD subscribers,2022-06-30,7871,,,
Broadway HD,USA,SVOD subscribers,2022-09-30,8028,,,
Broadway HD,USA,SVOD subscribers,2022-12-31,8189,,,
F1 TV,USA,SVOD subscribers,2021-03-31,56105,,,
F1 TV,USA,SVOD subscribers,2021-06-30,62628,,,
F1 TV,USA,SVOD subscribers,2021-09-30,82200,,,
F1 TV,USA,SVOD subscribers,2021-12-31,80243,,,
F1 TV,USA,SVOD subscribers,2022-03-31,100700,,,
F1 TV,USA,SVOD subscribers,2022-06-30,120445,,,
F1 TV,USA,SVOD subscribers,2022-09-30,140190,,,
F1 TV,USA,SVOD subscribers,2022-12-31,126171,,,
AsianCrush,USA,SVOD subscribers,2021-03-31,27309,,,
AsianCrush,USA,SVOD subscribers,2021-06-30,27856,,,
AsianCrush,USA,SVOD subscribers,2021-09-30,28413,,,
AsianCrush,USA,SVOD subscribers,2021-12-31,28981,,,
AsianCrush,USA,SVOD subscribers,2022-03-31,29561,,,
AsianCrush,USA,SVOD subscribers,2022-06-30,30152,,,
AsianCrush,USA,SVOD subscribers,2022-09-30,30755,,,
AsianCrush,USA,SVOD subscribers,2022-12-31,31370,,,
HiDive,USA,SVOD subscribers,2021-03-31,61930,,,
HiDive,USA,SVOD subscribers,2021-06-30,65646,,,
HiDive,USA,SVOD subscribers,2021-09-30,69585,,,
HiDive,USA,SVOD subscribers,2021-12-31,89100,,,
HiDive,USA,SVOD subscribers,2022-03-31,94050,,,
HiDive,USA,SVOD subscribers,2022-06-30,101970,,,
HiDive,USA,SVOD subscribers,2022-09-30,105930,,,
HiDive,USA,SVOD subscribers,2022-12-31,116820,,,
ESPN D2C,USA,SVOD subscribers,2021-03-31,13800000,,,
ESPN D2C,USA,SVOD subscribers,2021-06-30,14900000,,,
ESPN D2C,USA,SVOD subscribers,2021-09-30,17100000,,,
ESPN D2C,USA,SVOD subscribers,2021-12-31,21300000,,,
ESPN D2C,USA,SVOD subscribers,2022-03-31,22300000,,,
ESPN D2C,USA,SVOD subscribers,2022-06-30,22800000,,,
ESPN D2C,USA,SVOD subscribers,2022-09-30,24300000,,,
ESPN D2C,USA,SVOD subscribers,2022-12-31,24900000,,,
WatchTV,USA,SVOD subscribers,2021-03-31,117327,,,
WatchTV,USA,SVOD subscribers,2021-06-30,105594,,,
WatchTV,USA,SVOD subscribers,2021-09-30,95035,,,
VRV,USA,SVOD subscribers,2021-03-31,470253,,,
VRV,USA,SVOD subscribers,2021-06-30,474956,,,
VRV,USA,SVOD subscribers,2021-09-30,479706,,,
VRV,USA,SVOD subscribers,2021-12-31,484503,,,
VRV,USA,SVOD subscribers,2022-03-31,489348,,,
VRV,USA,SVOD subscribers,2022-06-30,494241,,,
VRV,USA,SVOD subscribers,2022-09-30,499183,,,
VRV,USA,SVOD subscribers,2022-12-31,504175,,,
Bleacher Report Live,USA,SVOD subscribers,2021-03-31,65950,,,
Bleacher Report Live,USA,SVOD subscribers,2021-06-30,67269,,,
Bleacher Report Live,USA,SVOD subscribers,2021-09-30,68614,,,
Mubi,USA,SVOD subscribers,2022-03-31,49462,,,
Mubi,USA,SVOD subscribers,2022-06-30,51688,,,
Mubi,USA,SVOD subscribers,2022-09-30,54014,,,
Mubi,USA,SVOD subscribers,2022-12-31,56445,,,
Mubi,USA,SVOD subscribers,2021-03-31,41477,,,
Mubi,USA,SVOD subscribers,2021-06-30,43344,,,
Mubi,USA,SVOD subscribers,2021-09-30,45294,,,
Mubi,USA,SVOD subscribers,2021-12-31,47332,,,
Crunchyroll,USA,SVOD subscribers,2022-03-31,3390030,,,
Crunchyroll,USA,SVOD subscribers,2022-06-30,4271900,,,
Crunchyroll,USA,SVOD subscribers,2022-09-30,5063956,,,
Crunchyroll,USA,SVOD subscribers,2022-12-31,5804523,,,
Crunchyroll,USA,SVOD subscribers,2021-03-31,2246463,,,
Crunchyroll,USA,SVOD subscribers,2021-06-30,2612997,,,
Crunchyroll,USA,SVOD subscribers,2021-09-30,2836583,,,
Crunchyroll,USA,SVOD subscribers,2021-12-31,3161471,,,
CuriosityStream,USA,SVOD subscribers,2022-03-31,772857,,,
CuriosityStream,USA,SVOD subscribers,2022-06-30,788314,,,
CuriosityStream,USA,SVOD subscribers,2022-09-30,804080,,,
CuriosityStream,USA,SVOD subscribers,2022-12-31,820162,,,
CuriosityStream,USA,SVOD subscribers,2021-03-31,714000,,,
CuriosityStream,USA,SVOD subscribers,2021-06-30,728280,,,
CuriosityStream,USA,SVOD subscribers,2021-09-30,742846,,,
CuriosityStream,USA,SVOD subscribers,2021-12-31,757703,,,
Dazn,USA,SVOD subscribers,2022-03-31,973903,,,
Dazn,USA,SVOD subscribers,2022-06-30,1071293,,,
Dazn,USA,SVOD subscribers,2022-09-30,1178422,,,
Dazn,USA,SVOD subscribers,2022-12-31,1296265,,,
Dazn,USA,SVOD subscribers,2021-03-31,834300,,,
Dazn,USA,SVOD subscribers,2021-06-30,850986,,,
Dazn,USA,SVOD subscribers,2021-09-30,868006,,,
Dazn,USA,SVOD subscribers,2021-12-31,885366,,,
Eros Now,USA,SVOD subscribers,2022-03-31,102266,,,
Eros Now,USA,SVOD subscribers,2022-06-30,109935,,,
Eros Now,USA,SVOD subscribers,2022-09-30,118181,,,
Eros Now,USA,SVOD subscribers,2022-12-31,127044,,,
Eros Now,USA,SVOD subscribers,2021-03-31,76577,,,
Eros Now,USA,SVOD subscribers,2021-06-30,82320,,,
Eros Now,USA,SVOD subscribers,2021-09-30,88494,,,
Eros Now,USA,SVOD subscribers,2021-12-31,95131,,,
MLB.TV,USA,SVOD subscribers,2021-03-31,3309534,,,
MLB.TV,USA,SVOD subscribers,2021-06-30,3640487,,,
MLB.TV,USA,SVOD subscribers,2021-09-30,3822511,,,
MLB.TV,USA,SVOD subscribers,2021-12-31,3631386,,,
MLB.TV,USA,SVOD subscribers,2022-03-31,3449816,,,
MLB.TV,USA,SVOD subscribers,2022-06-30,3725802,,,
MLB.TV,USA,SVOD subscribers,2022-09-30,4023866,,,
MLB.TV,USA,SVOD subscribers,2022-12-31,4345775,,,
NBA League Pass,USA,SVOD subscribers,2022-03-31,4578284,,,
NBA League Pass,USA,SVOD subscribers,2022-06-30,4807198,,,
NBA League Pass,USA,SVOD subscribers,2022-09-30,4662982,,,
NBA League Pass,USA,SVOD subscribers,2022-12-31,5036020,,,
NBA League Pass,USA,SVOD subscribers,2021-03-31,3886328,,,
NBA League Pass,USA,SVOD subscribers,2021-06-30,4325665,,,
NBA League Pass,USA,SVOD subscribers,2021-09-30,3893098,,,
NBA League Pass,USA,SVOD subscribers,2021-12-31,4360270,,,
Netflix,USA,SVOD subscribers,2021-09-30,66682467,,,
Netflix,USA,SVOD subscribers,2021-12-31,67823203,,,
Netflix,USA,SVOD subscribers,2022-03-31,67216065,,,
Netflix,USA,SVOD subscribers,2022-06-30,66114129,,,
Netflix,USA,SVOD subscribers,2022-09-30,66207955,,,
Netflix,USA,SVOD subscribers,2022-12-31,67028032,,,
Netflix,USA,SVOD subscribers,2021-03-31,67006763,,,
Netflix,USA,SVOD subscribers,2021-06-30,66616707,,,
NHL.TV,USA,SVOD subscribers,2021-03-31,596357,,,
NHL.TV,USA,SVOD subscribers,2021-06-30,602321,,,
Spuul,USA,SVOD subscribers,2021-03-31,35752,,,
Viki,USA,SVOD subscribers,2021-03-31,126963,,,
Viki,USA,SVOD subscribers,2021-06-30,133311,,,
Viki,USA,SVOD subscribers,2021-09-30,139977,,,
Viki,USA,SVOD subscribers,2021-12-31,146976,,,
Viki,USA,SVOD subscribers,2022-03-31,154325,,,
Viki,USA,SVOD subscribers,2022-06-30,162041,,,
Viki,USA,SVOD subscribers,2022-09-30,170143,,,
Viki,USA,SVOD subscribers,2022-12-31,178650,,,
WWE Network,USA,SVOD subscribers,2021-03-31,1175425,,,
Amazon Prime Video,USA,SVOD subscribers,2022-03-31,94510824,,,
Amazon Prime Video,USA,SVOD subscribers,2022-06-30,96873595,,,
Amazon Prime Video,USA,SVOD subscribers,2022-09-30,97842331,,,
Amazon Prime Video,USA,SVOD subscribers,2022-12-31,98820754,,,
Amazon Prime Video,USA,SVOD subscribers,2021-03-31,90037500,,,
Amazon Prime Video,USA,SVOD subscribers,2021-06-30,90937875,,,
Amazon Prime Video,USA,SVOD subscribers,2021-09-30,89119118,,,
Amazon Prime Video,USA,SVOD subscribers,2021-12-31,93575073,,,
UFC Fight Pass,USA,SVOD subscribers,2021-03-31,556580,,,
UFC Fight Pass,USA,SVOD subscribers,2021-06-30,564928,,,
UFC Fight Pass,USA,SVOD subscribers,2021-09-30,573402,,,
UFC Fight Pass,USA,SVOD subscribers,2021-12-31,582003,,,
UFC Fight Pass,USA,SVOD subscribers,2022-03-31,590733,,,
UFC Fight Pass,USA,SVOD subscribers,2022-06-30,599594,,,
UFC Fight Pass,USA,SVOD subscribers,2022-09-30,608588,,,
UFC Fight Pass,USA,SVOD subscribers,2022-12-31,617717,,,
Paramount+,USA,SVOD subscribers,2021-03-31,14194526,,,
Paramount+,USA,SVOD subscribers,2021-06-30,19719526,,,
Paramount+,USA,SVOD subscribers,2021-09-30,23374526,,,
Paramount+,USA,SVOD subscribers,2021-12-31,31364526,,,
Paramount+,USA,SVOD subscribers,2022-03-31,35774526,,,
Paramount+,USA,SVOD subscribers,2022-06-30,38469526,,,
Paramount+,USA,SVOD subscribers,2022-09-30,40999526,,,
Paramount+,USA,SVOD subscribers,2022-12-31,46345526,,,
Sun NXT,USA,SVOD subscribers,2021-03-31,10370,,,
Sun NXT,USA,SVOD subscribers,2021-06-30,11403,,,
Sun NXT,USA,SVOD subscribers,2021-09-30,12540,,,
Sun NXT,USA,SVOD subscribers,2021-12-31,13790,,,
Sun NXT,USA,SVOD subscribers,2022-03-31,15170,,,
Sun NXT,USA,SVOD subscribers,2022-06-30,16690,,,
Sun NXT,USA,SVOD subscribers,2022-09-30,18360,,,
Sun NXT,USA,SVOD subscribers,2022-12-31,20190,,,
Hoichoi,USA,SVOD subscribers,2021-03-31,7395,,,
Hoichoi,USA,SVOD subscribers,2021-06-30,8140,,,
Hoichoi,USA,SVOD subscribers,2021-09-30,8960,,,
Hoichoi,USA,SVOD subscribers,2021-12-31,9850,,,
Hoichoi,USA,SVOD subscribers,2022-03-31,10840,,,
Hoichoi,USA,SVOD subscribers,2022-06-30,11920,,,
Hoichoi,USA,SVOD subscribers,2022-09-30,13110,,,
Hoichoi,USA,SVOD subscribers,2022-12-31,14420,,,
Apple TV+,USA,SVOD subscribers,2022-03-31,22079086,,,
Apple TV+,USA,SVOD subscribers,2022-06-30,24507786,,,
Apple TV+,USA,SVOD subscribers,2022-09-30,26345869,,,
Apple TV+,USA,SVOD subscribers,2022-12-31,28321810,,,
Apple TV+,USA,SVOD subscribers,2021-03-31,18909651,,,
Apple TV+,USA,SVOD subscribers,2021-06-30,21273358,,,
Apple TV+,USA,SVOD subscribers,2021-09-30,24464361,,,
Apple TV+,USA,SVOD subscribers,2021-12-31,23241143,,,
Disney+,USA,SVOD subscribers,2022-03-31,39960000,,,
Disney+,USA,SVOD subscribers,2022-06-30,40050000,,,
Disney+,USA,SVOD subscribers,2022-09-30,41760000,,,
Disney+,USA,SVOD subscribers,2022-12-31,41940000,,,
Disney+,USA,SVOD subscribers,2021-03-31,33570000,,,
Disney+,USA,SVOD subscribers,2021-06-30,34110000,,,
Disney+,USA,SVOD subscribers,2021-09-30,34920000,,,
Disney+,USA,SVOD subscribers,2021-12-31,38610000,,,
Kinetic TV,USA,SVOD subscribers,2021-03-31,106932,,,
Kinetic TV,USA,SVOD subscribers,2021-06-30,128319,,,
Kinetic TV,USA,SVOD subscribers,2021-09-30,147567,,,
Kinetic TV,USA,SVOD subscribers,2021-12-31,169702,,,
Kinetic TV,USA,SVOD subscribers,2022-03-31,195157,,,
Wow! TV+,USA,SVOD subscribers,2021-03-31,45214,,,
Wow! TV+,USA,SVOD subscribers,2021-06-30,76221,,,
Wow! TV+,USA,SVOD subscribers,2021-09-30,57821,,,
Wow! TV+,USA,SVOD subscribers,2021-12-31,63603,,,
Wow! TV+,USA,SVOD subscribers,2022-03-31,69964,,,
Wow! TV+,USA,SVOD subscribers,2022-06-30,76960,,,
Wow! TV+,USA,SVOD subscribers,2022-09-30,84656,,,
Wow! TV+,USA,SVOD subscribers,2022-12-31,93122,,,
MHz Choice,USA,SVOD subscribers,2021-03-31,156263,,,
MHz Choice,USA,SVOD subscribers,2021-06-30,171889,,,
MHz Choice,USA,SVOD subscribers,2021-09-30,189078,,,
MHz Choice,USA,SVOD subscribers,2021-12-31,198532,,,
MHz Choice,USA,SVOD subscribers,2022-03-31,208459,,,
MHz Choice,USA,SVOD subscribers,2022-06-30,218881,,,
MHz Choice,USA,SVOD subscribers,2022-09-30,229826,,,
MHz Choice,USA,SVOD subscribers,2022-12-31,241317,,,
Dove Channel,USA,SVOD subscribers,2021-03-31,55869,,,
Dove Channel,USA,SVOD subscribers,2021-06-30,200152,,,
Dove Channel,USA,SVOD subscribers,2021-09-30,344435,,,
Dove Channel,USA,SVOD subscribers,2021-12-31,488717,,,
Dove Channel,USA,SVOD subscribers,2022-03-31,633000,,,
Dove Channel,USA,SVOD subscribers,2022-06-30,639330,,,
Dove Channel,USA,SVOD subscribers,2022-09-30,645723,,,
Dove Channel,USA,SVOD subscribers,2022-12-31,652181,,,
HooplaKidz Plus,USA,SVOD subscribers,2021-03-31,15600,,,
HooplaKidz Plus,USA,SVOD subscribers,2021-06-30,15756,,,
HooplaKidz Plus,USA,SVOD subscribers,2021-09-30,15913,,,
HooplaKidz Plus,USA,SVOD subscribers,2021-12-31,16072,,,
HooplaKidz Plus,USA,SVOD subscribers,2022-03-31,16233,,,
HooplaKidz Plus,USA,SVOD subscribers,2022-06-30,16395,,,
HooplaKidz Plus,USA,SVOD subscribers,2022-09-30,16559,,,
HooplaKidz Plus,USA,SVOD subscribers,2022-12-31,16725,,,
BET+,USA,SVOD subscribers,2021-03-31,882331,,,
BET+,USA,SVOD subscribers,2021-06-30,1014174,,,
BET+,USA,SVOD subscribers,2021-09-30,1165717,,,
BET+,USA,SVOD subscribers,2021-12-31,1339905,,,
BET+,USA,SVOD subscribers,2022-03-31,1540121,,,
BET+,USA,SVOD subscribers,2022-06-30,1770254,,,
BET+,USA,SVOD subscribers,2022-09-30,2034774,,,
BET+,USA,SVOD subscribers,2022-12-31,2338821,,,
Brown Sugar,USA,SVOD subscribers,2022-03-31,6717,,,
Brown Sugar,USA,SVOD subscribers,2022-06-30,7282,,,
Brown Sugar,USA,SVOD subscribers,2022-09-30,7565,,,
Brown Sugar,USA,SVOD subscribers,2022-12-31,8343,,,
Brown Sugar,USA,SVOD subscribers,2021-03-31,4871,,,
Brown Sugar,USA,SVOD subscribers,2021-06-30,5041,,,
Brown Sugar,USA,SVOD subscribers,2021-09-30,5218,,,
Brown Sugar,USA,SVOD subscribers,2021-12-31,6363,,,
Lifetime Movie Club,USA,SVOD subscribers,2021-03-31,246000,,,
Lifetime Movie Club,USA,SVOD subscribers,2021-06-30,238620,,,
Lifetime Movie Club,USA,SVOD subscribers,2021-09-30,255840,,,
Lifetime Movie Club,USA,SVOD subscribers,2021-12-31,270600,,,
Lifetime Movie Club,USA,SVOD subscribers,2022-03-31,282900,,,
Lifetime Movie Club,USA,SVOD subscribers,2022-06-30,300120,,,
Lifetime Movie Club,USA,SVOD subscribers,2022-09-30,302580,,,
Lifetime Movie Club,USA,SVOD subscribers,2022-12-31,285360,,,
Hi-YAH,USA,SVOD subscribers,2021-03-31,20580,,,
Hi-YAH,USA,SVOD subscribers,2021-06-30,20990,,,
Hi-YAH,USA,SVOD subscribers,2021-09-30,21410,,,
Hi-YAH,USA,SVOD subscribers,2021-12-31,21840,,,
Hi-YAH,USA,SVOD subscribers,2022-03-31,22270,,,
Hi-YAH,USA,SVOD subscribers,2022-06-30,22720,,,
Hi-YAH,USA,SVOD subscribers,2022-09-30,23170,,,
Hi-YAH,USA,SVOD subscribers,2022-12-31,23640,,,
MyOutdoorTV,USA,SVOD subscribers,2021-03-31,11010,,,
MyOutdoorTV,USA,SVOD subscribers,2021-06-30,11230,,,
MyOutdoorTV,USA,SVOD subscribers,2021-09-30,11460,,,
MyOutdoorTV,USA,SVOD subscribers,2021-12-31,11690,,,
MyOutdoorTV,USA,SVOD subscribers,2022-03-31,12860,,,
MyOutdoorTV,USA,SVOD subscribers,2022-06-30,14140,,,
MyOutdoorTV,USA,SVOD subscribers,2022-09-30,15560,,,
MyOutdoorTV,USA,SVOD subscribers,2022-12-31,17110,,,
OUTtv,USA,SVOD subscribers,2021-03-31,1935,,,
OUTtv,USA,SVOD subscribers,2021-06-30,1983,,,
OUTtv,USA,SVOD subscribers,2021-09-30,2033,,,
OUTtv,USA,SVOD subscribers,2021-12-31,2083,,,
OUTtv,USA,SVOD subscribers,2022-03-31,2136,,,
OUTtv,USA,SVOD subscribers,2022-06-30,2189,,,
OUTtv,USA,SVOD subscribers,2022-09-30,2244,,,
OUTtv,USA,SVOD subscribers,2022-12-31,2300,,,
Dekkoo,USA,SVOD subscribers,2021-06-30,3370,,,
Dekkoo,USA,SVOD subscribers,2021-09-30,3460,,,
Dekkoo,USA,SVOD subscribers,2021-12-31,3550,,,
Dekkoo,USA,SVOD subscribers,2022-03-31,3630,,,
Dekkoo,USA,SVOD subscribers,2022-06-30,3720,,,
Dekkoo,USA,SVOD subscribers,2022-09-30,3820,,,
Dekkoo,USA,SVOD subscribers,2022-12-31,3910,,,
Peacock Premium,USA,SVOD subscribers,2021-03-31,3168000,,,
Peacock Premium,USA,SVOD subscribers,2021-06-30,5295086,,,
Peacock Premium,USA,SVOD subscribers,2021-09-30,7522804,,,
Peacock Premium,USA,SVOD subscribers,2021-12-31,9084592,,,
Peacock Premium,USA,SVOD subscribers,2022-03-31,13164741,,,
Peacock Premium,USA,SVOD subscribers,2022-06-30,13354182,,,
Peacock Premium,USA,SVOD subscribers,2022-09-30,15036447,,,
Peacock Premium,USA,SVOD subscribers,2022-12-31,21000000,,,
HBO Max (2020-2023),USA,SVOD subscribers,2021-03-31,19277200,,,
HBO Max (2020-2023),USA,SVOD subscribers,2021-06-30,22177200,,,
HBO Max (2020-2023),USA,SVOD subscribers,2021-09-30,18289980,,,
HBO Max (2020-2023),USA,SVOD subscribers,2021-12-31,19895980,,,
HBO Max (2020-2023),USA,SVOD subscribers,2022-03-31,21068381,,,
HBO Max (2020-2023),USA,SVOD subscribers,2022-06-30,21279064,,,
HBO Max (2020-2023),USA,SVOD subscribers,2022-09-30,21438657,,,
HBO Max (2020-2023),USA,SVOD subscribers,2022-12-31,21599447,,,
Demand Africa,USA,SVOD subscribers,2021-03-31,7398,,,
Demand Africa,USA,SVOD subscribers,2021-06-30,7842,,,
Demand Africa,USA,SVOD subscribers,2021-09-30,8313,,,
Demand Africa,USA,SVOD subscribers,2021-12-31,8811,,,
Demand Africa,USA,SVOD subscribers,2022-03-31,9340,,,
Demand Africa,USA,SVOD subscribers,2022-06-30,9901,,,
Demand Africa,USA,SVOD subscribers,2022-09-30,10495,,,
Demand Africa,USA,SVOD subscribers,2022-12-31,11124,,,
Izzy Stream Israel,USA,SVOD subscribers,2021-03-31,10920,,,
Izzy Stream Israel,USA,SVOD subscribers,2021-06-30,12012,,,
Izzy Stream Israel,USA,SVOD subscribers,2021-09-30,13213,,,
Izzy Stream Israel,USA,SVOD subscribers,2021-12-31,14535,,,
Izzy Stream Israel,USA,SVOD subscribers,2022-03-31,15988,,,
Izzy Stream Israel,USA,SVOD subscribers,2022-06-30,17587,,,
Izzy Stream Israel,USA,SVOD subscribers,2022-09-30,19345,,,
Izzy Stream Israel,USA,SVOD subscribers,2022-12-31,21280,,,
AMC Plus,USA,SVOD subscribers,2021-09-30,4258800,,,
AMC Plus,USA,SVOD subscribers,2021-12-31,4315500,,,
AMC Plus,USA,SVOD subscribers,2022-03-31,4555250,,,
AMC Plus,USA,SVOD subscribers,2022-06-30,4938850,,,
AMC Plus,USA,SVOD subscribers,2022-09-30,5130650,,,
AMC Plus,USA,SVOD subscribers,2022-12-31,5658100,,,
Discovery+,USA,SVOD subscribers,2021-03-31,5304000,,,
Discovery+,USA,SVOD subscribers,2021-06-30,7629600,,,
Discovery+,USA,SVOD subscribers,2021-09-30,9873600,,,
Discovery+,USA,SVOD subscribers,2021-12-31,11404008,,,
Discovery+,USA,SVOD subscribers,2022-03-31,12129718,,,
Discovery+,USA,SVOD subscribers,2022-06-30,12888707,,,
Discovery+,USA,SVOD subscribers,2022-09-30,13010429,,,
Discovery+,USA,SVOD subscribers,2022-12-31,13264634,,,
BossTV,USA,SVOD subscribers,2021-03-31,25875,,,
BossTV,USA,SVOD subscribers,2021-06-30,32344,,,
BossTV,USA,SVOD subscribers,2021-09-30,29109,,,
BossTV,USA,SVOD subscribers,2021-12-31,20377,,,
FreeCast,USA,SVOD subscribers,2021-03-31,18379,,,
FreeCast,USA,SVOD subscribers,2021-06-30,19757,,,
FreeCast,USA,SVOD subscribers,2021-09-30,21239,,,
FreeCast,USA,SVOD subscribers,2021-12-31,22832,,,
FreeCast,USA,SVOD subscribers,2022-03-31,24545,,,
FreeCast,USA,SVOD subscribers,2022-06-30,26385,,,
FreeCast,USA,SVOD subscribers,2022-09-30,28364,,,
FreeCast,USA,SVOD subscribers,2022-12-31,30492,,,
Qwest TV,USA,SVOD subscribers,2022-03-31,26903,,,
Qwest TV,USA,SVOD subscribers,2022-06-30,30939,,,
Qwest TV,USA,SVOD subscribers,2022-09-30,35579,,,
Qwest TV,USA,SVOD subscribers,2022-12-31,40916,,,
Qwest TV,USA,SVOD subscribers,2021-03-31,15382,,,
Qwest TV,USA,SVOD subscribers,2021-06-30,17689,,,
Qwest TV,USA,SVOD subscribers,2021-09-30,20343,,,
Qwest TV,USA,SVOD subscribers,2021-12-31,23394,,,
Kartina.TV,USA,SVOD subscribers,2021-03-31,31680,,,
Kartina.TV,USA,SVOD subscribers,2021-06-30,34560,,,
Kartina.TV,USA,SVOD subscribers,2021-09-30,37440,,,
Kartina.TV,USA,SVOD subscribers,2021-12-31,40320,,,
Kartina.TV,USA,SVOD subscribers,2022-03-31,43200,,,
Kartina.TV,USA,SVOD subscribers,2022-06-30,46080,,,
Kartina.TV,USA,SVOD subscribers,2022-09-30,48384,,,
Kartina.TV,USA,SVOD subscribers,2022-12-31,50803,,,
Frndly TV,USA,SVOD subscribers,2021-03-31,470000,,,
Frndly TV,USA,SVOD subscribers,2021-06-30,500000,,,
Frndly TV,USA,SVOD subscribers,2021-09-30,531915,,,
Frndly TV,USA,SVOD subscribers,2021-12-31,565867,,,
Frndly TV,USA,SVOD subscribers,2022-03-31,601986,,,
Frndly TV,USA,SVOD subscribers,2022-06-30,640411,,,
Frndly TV,USA,SVOD subscribers,2022-09-30,681288,,,
Frndly TV,USA,SVOD subscribers,2022-12-31,724774,,,
Fox Nation,USA,SVOD subscribers,2021-03-31,210000,,,
Fox Nation,USA,SVOD subscribers,2021-06-30,283500,,,
Fox Nation,USA,SVOD subscribers,2021-09-30,382725,,,
Fox Nation,USA,SVOD subscribers,2021-12-31,516679,,,
Fox Nation,USA,SVOD subscribers,2022-03-31,697516,,,
Fox Nation,USA,SVOD subscribers,2022-06-30,941647,,,
Fox Nation,USA,SVOD subscribers,2022-09-30,1104750,,,
Fox Nation,USA,SVOD subscribers,2022-12-31,1204178,,,
Vidgo,USA,SVOD subscribers,2021-03-31,30000,,,
Vidgo,USA,SVOD subscribers,2021-06-30,65000,,,
Vidgo,USA,SVOD subscribers,2021-09-30,71500,,,
Vidgo,USA,SVOD subscribers,2021-12-31,64350,,,
Vidgo,USA,SVOD subscribers,2022-03-31,54698,,,
Vidgo,USA,SVOD subscribers,2022-06-30,46493,,,
Vidgo,USA,SVOD subscribers,2022-09-30,53467,,,
Vidgo,USA,SVOD subscribers,2022-12-31,61487,,,
WOW Presents Plus,USA,SVOD subscribers,2021-03-31,48593,,,
WOW Presents Plus,USA,SVOD subscribers,2021-06-30,34015,,,
WOW Presents Plus,USA,SVOD subscribers,2021-09-30,34866,,,
WOW Presents Plus,USA,SVOD subscribers,2021-12-31,35737,,,
WOW Presents Plus,USA,SVOD subscribers,2022-03-31,36631,,,
WOW Presents Plus,USA,SVOD subscribers,2022-06-30,37547,,,
WOW Presents Plus,USA,SVOD subscribers,2022-09-30,38485,,,
WOW Presents Plus,USA,SVOD subscribers,2022-12-31,39447,,,
TVPlayer USA,USA,SVOD subscribers,2021-06-30,15000,,,
TVPlayer USA,USA,SVOD subscribers,2021-09-30,19500,,,
TVPlayer USA,USA,SVOD subscribers,2021-12-31,23400,,,
TVPlayer USA,USA,SVOD subscribers,2022-03-31,28080,,,
TVPlayer USA,USA,SVOD subscribers,2022-06-30,33696,,,
TVPlayer USA,USA,SVOD subscribers,2022-09-30,40435,,,
TVPlayer USA,USA,SVOD subscribers,2022-12-31,48522,,,
Struum,USA,SVOD subscribers,2021-06-30,183504,,,
Struum,USA,SVOD subscribers,2021-09-30,201854,,,
Struum,USA,SVOD subscribers,2021-12-31,211947,,,
Struum,USA,SVOD subscribers,2022-03-31,222544,,,
Struum,USA,SVOD subscribers,2022-06-30,233672,,,
Struum,USA,SVOD subscribers,2022-09-30,245355,,,
Struum,USA,SVOD subscribers,2022-12-31,257623,,,
France channel,USA,SVOD subscribers,2021-06-30,5280,,,
France channel,USA,SVOD subscribers,2021-09-30,10560,,,
France channel,USA,SVOD subscribers,2021-12-31,13200,,,
France channel,USA,SVOD subscribers,2022-03-31,15840,,,
France channel,USA,SVOD subscribers,2022-06-30,18480,,,
France channel,USA,SVOD subscribers,2022-09-30,21120,,,
France channel,USA,SVOD subscribers,2022-12-31,23760,,,
The Criterion Channel,USA,SVOD subscribers,2022-03-31,50453,,,
The Criterion Channel,USA,SVOD subscribers,2022-06-30,54489,,,
The Criterion Channel,USA,SVOD subscribers,2022-09-30,58849,,,
The Criterion Channel,USA,SVOD subscribers,2022-12-31,63557,,,
The Criterion Channel,USA,SVOD subscribers,2021-03-31,36575,,,
The Criterion Channel,USA,SVOD subscribers,2021-06-30,39867,,,
The Criterion Channel,USA,SVOD subscribers,2021-09-30,43256,,,
The Criterion Channel,USA,SVOD subscribers,2021-12-31,46716,,,
Curia,USA,SVOD subscribers,2021-09-30,5000,,,
Curia,USA,SVOD subscribers,2021-12-31,7000,,,
Curia,USA,SVOD subscribers,2022-03-31,9450,,,
Curia,USA,SVOD subscribers,2022-06-30,12758,,,
Curia,USA,SVOD subscribers,2022-09-30,15947,,,
Curia,USA,SVOD subscribers,2022-12-31,19934,,,
Film Movement PLus,USA,SVOD subscribers,2021-03-31,31665,,,
Film Movement PLus,USA,SVOD subscribers,2021-06-30,28498,,,
Film Movement PLus,USA,SVOD subscribers,2021-09-30,29923,,,
Film Movement PLus,USA,SVOD subscribers,2021-12-31,31419,,,
Film Movement PLus,USA,SVOD subscribers,2022-03-31,32990,,,
Film Movement PLus,USA,SVOD subscribers,2022-06-30,34640,,,
Film Movement PLus,USA,SVOD subscribers,2022-09-30,36372,,,
Film Movement PLus,USA,SVOD subscribers,2022-12-31,38191,,,
Flix Premiere,USA,SVOD subscribers,2021-03-31,73818,,,
Flix Premiere,USA,SVOD subscribers,2021-06-30,62745,,,
Flix Premiere,USA,SVOD subscribers,2021-09-30,65882,,,
Flix Premiere,USA,SVOD subscribers,2021-12-31,69176,,,
Flix Premiere,USA,SVOD subscribers,2022-03-31,72635,,,
Flix Premiere,USA,SVOD subscribers,2022-06-30,76267,,,
Flix Premiere,USA,SVOD subscribers,2022-09-30,80080,,,
Flix Premiere,USA,SVOD subscribers,2022-12-31,84084,,,
Magellan TV Now,USA,SVOD subscribers,2021-09-30,38661,,,
Magellan TV Now,USA,SVOD subscribers,2021-12-31,41561,,,
Magellan TV Now,USA,SVOD subscribers,2022-03-31,44678,,,
Magellan TV Now,USA,SVOD subscribers,2022-06-30,48029,,,
Magellan TV Now,USA,SVOD subscribers,2022-09-30,51631,,,
Magellan TV Now,USA,SVOD subscribers,2022-12-31,55503,,,
Magellan TV Now,USA,SVOD subscribers,2021-03-31,33455,,,
Magellan TV Now,USA,SVOD subscribers,2021-06-30,35964,,,
Metrograph,USA,SVOD subscribers,2021-03-31,17175,,,
Metrograph,USA,SVOD subscribers,2021-06-30,21468,,,
Metrograph,USA,SVOD subscribers,2021-09-30,25257,,,
Metrograph,USA,SVOD subscribers,2021-12-31,28063,,,
Metrograph,USA,SVOD subscribers,2022-03-31,29467,,,
Metrograph,USA,SVOD subscribers,2022-06-30,30940,,,
Metrograph,USA,SVOD subscribers,2022-09-30,32487,,,
Metrograph,USA,SVOD subscribers,2022-12-31,34111,,,
Night Flight Plus,USA,SVOD subscribers,2021-03-31,7664,,,
Night Flight Plus,USA,SVOD subscribers,2021-06-30,7549,,,
Night Flight Plus,USA,SVOD subscribers,2021-09-30,7436,,,
Night Flight Plus,USA,SVOD subscribers,2021-12-31,7324,,,
Night Flight Plus,USA,SVOD subscribers,2022-03-31,7215,,,
Night Flight Plus,USA,SVOD subscribers,2022-06-30,7106,,,
Night Flight Plus,USA,SVOD subscribers,2022-09-30,7000,,,
Night Flight Plus,USA,SVOD subscribers,2022-12-31,6895,,,
OVID,USA,SVOD subscribers,2021-03-31,1400,,,
OVID,USA,SVOD subscribers,2021-06-30,1522,,,
OVID,USA,SVOD subscribers,2021-09-30,1638,,,
OVID,USA,SVOD subscribers,2021-12-31,1740,,,
OVID,USA,SVOD subscribers,2022-03-31,1839,,,
OVID,USA,SVOD subscribers,2022-06-30,1944,,,
OVID,USA,SVOD subscribers,2022-09-30,2055,,,
OVID,USA,SVOD subscribers,2022-12-31,2173,,,
Retrocrush,USA,SVOD subscribers,2021-03-31,24218,,,
Retrocrush,USA,SVOD subscribers,2021-06-30,26182,,,
Retrocrush,USA,SVOD subscribers,2021-09-30,28305,,,
Retrocrush,USA,SVOD subscribers,2021-12-31,30600,,,
Retrocrush,USA,SVOD subscribers,2022-03-31,32436,,,
Retrocrush,USA,SVOD subscribers,2022-06-30,34382,,,
Retrocrush,USA,SVOD subscribers,2022-09-30,36445,,,
Retrocrush,USA,SVOD subscribers,2022-12-31,38632,,,
The Film Detective,USA,SVOD subscribers,2021-03-31,4249,,,
The Film Detective,USA,SVOD subscribers,2021-06-30,4568,,,
The Film Detective,USA,SVOD subscribers,2021-09-30,4911,,,
The Film Detective,USA,SVOD subscribers,2021-12-31,5279,,,
The Film Detective,USA,SVOD subscribers,2022-03-31,5675,,,
The Film Detective,USA,SVOD subscribers,2022-06-30,6101,,,
The Film Detective,USA,SVOD subscribers,2022-09-30,6558,,,
The Film Detective,USA,SVOD subscribers,2022-12-31,7050,,,
Topic,USA,SVOD subscribers,2021-03-31,5843,,,
Topic,USA,SVOD subscribers,2021-06-30,6281,,,
Topic,USA,SVOD subscribers,2021-09-30,6752,,,
Topic,USA,SVOD subscribers,2021-12-31,7258,,,
Topic,USA,SVOD subscribers,2022-03-31,7803,,,
Topic,USA,SVOD subscribers,2022-06-30,8388,,,
Topic,USA,SVOD subscribers,2022-09-30,9017,,,
Topic,USA,SVOD subscribers,2022-12-31,9693,,,
True Story,USA,SVOD subscribers,2021-03-31,1500,,,
True Story,USA,SVOD subscribers,2021-06-30,1800,,,
True Story,USA,SVOD subscribers,2021-09-30,2160,,,
True Story,USA,SVOD subscribers,2021-12-31,2592,,,
True Story,USA,SVOD subscribers,2022-03-31,3110,,,
True Story,USA,SVOD subscribers,2022-06-30,3732,,,
True Story,USA,SVOD subscribers,2022-09-30,4479,,,
True Story,USA,SVOD subscribers,2022-12-31,5375,,,
Chaiflicks,USA,SVOD subscribers,2021-03-31,11470,,,
Chaiflicks,USA,SVOD subscribers,2021-06-30,12610,,,
Chaiflicks,USA,SVOD subscribers,2021-09-30,13870,,,
Chaiflicks,USA,SVOD subscribers,2021-12-31,15260,,,
Chaiflicks,USA,SVOD subscribers,2022-03-31,16790,,,
Chaiflicks,USA,SVOD subscribers,2022-06-30,18470,,,
Chaiflicks,USA,SVOD subscribers,2022-09-30,20310,,,
Chaiflicks,USA,SVOD subscribers,2022-12-31,22340,,,
DirecTV Stream,USA,SVOD subscribers,2021-09-30,1625181,,,
DirecTV Stream,USA,SVOD subscribers,2021-12-31,1722692,,,
DirecTV Stream,USA,SVOD subscribers,2022-03-31,1860507,,,
DirecTV Stream,USA,SVOD subscribers,2022-06-30,2009348,,,
DirecTV Stream,USA,SVOD subscribers,2022-09-30,2170096,,,
DirecTV Stream,USA,SVOD subscribers,2022-12-31,2343703,,,
Cultpix,USA,SVOD subscribers,2021-06-30,21927,,,
Cultpix,USA,SVOD subscribers,2021-09-30,23571,,,
Cultpix,USA,SVOD subscribers,2021-12-31,25339,,,
Cultpix,USA,SVOD subscribers,2022-03-31,27240,,,
Cultpix,USA,SVOD subscribers,2022-06-30,29283,,,
Cultpix,USA,SVOD subscribers,2022-09-30,31479,,,
Cultpix,USA,SVOD subscribers,2022-12-31,33840,,,
Vix Premium,USA,SVOD subscribers,2022-09-30,19010,,,
Vix Premium,USA,SVOD subscribers,2022-12-31,636400,,,
Bally Sports+,USA,SVOD subscribers,2022-09-30,55000,,,
Bally Sports+,USA,SVOD subscribers,2022-12-31,82500,,,
NFL+,USA,SVOD subscribers,2022-09-30,203313,,,
NFL+,USA,SVOD subscribers,2022-12-31,233810,,,
Fuse+,USA,SVOD subscribers,2022-09-30,83669,,,
Fuse+,USA,SVOD subscribers,2022-12-31,96171,,,
Fuse+,USA,SVOD subscribers,2021-09-30,41834,,,
Fuse+,USA,SVOD subscribers,2021-12-31,48086,,,
Fuse+,USA,SVOD subscribers,2022-03-31,63329,,,
Fuse+,USA,SVOD subscribers,2022-06-30,72792,,,
Arrow Player,USA,SVOD subscribers,2021-03-31,20226,,,
Arrow Player,USA,SVOD subscribers,2021-06-30,21744,,,
Arrow Player,USA,SVOD subscribers,2021-09-30,23376,,,
Arrow Player,USA,SVOD subscribers,2021-12-31,25136,,,
Arrow Player,USA,SVOD subscribers,2022-03-31,27024,,,
Arrow Player,USA,SVOD subscribers,2022-06-30,29056,,,
Arrow Player,USA,SVOD subscribers,2022-09-30,31232,,,
Arrow Player,USA,SVOD subscribers,2022-12-31,33568,,,
Dropout,USA,SVOD subscribers,2021-03-31,128680,,,
Dropout,USA,SVOD subscribers,2021-06-30,146696,,,
Dropout,USA,SVOD subscribers,2021-09-30,167233,,,
Dropout,USA,SVOD subscribers,2021-12-31,190645,,,
Dropout,USA,SVOD subscribers,2022-03-31,217336,,,
Dropout,USA,SVOD subscribers,2022-06-30,247763,,,
Dropout,USA,SVOD subscribers,2022-09-30,282450,,,
Dropout,USA,SVOD subscribers,2022-12-31,335000,,,
Nebula.tv,USA,SVOD subscribers,2021-03-31,177744,,,
Nebula.tv,USA,SVOD subscribers,2021-06-30,193200,,,
Nebula.tv,USA,SVOD subscribers,2021-09-30,210000,,,
Nebula.tv,USA,SVOD subscribers,2021-12-31,237300,,,
Nebula.tv,USA,SVOD subscribers,2022-03-31,272895,,,
Nebula.tv,USA,SVOD subscribers,2022-06-30,313829,,,
Nebula.tv,USA,SVOD subscribers,2022-09-30,360904,,,
Nebula.tv,USA,SVOD subscribers,2022-12-31,390000,,,
Tastemade+,USA,SVOD subscribers,2021-03-31,143379,,,
Tastemade+,USA,SVOD subscribers,2021-06-30,154132,,,
Tastemade+,USA,SVOD subscribers,2021-09-30,165692,,,
Tastemade+,USA,SVOD subscribers,2021-12-31,178119,,,
Tastemade+,USA,SVOD subscribers,2022-03-31,191478,,,
Tastemade+,USA,SVOD subscribers,2022-06-30,205839,,,
Tastemade+,USA,SVOD subscribers,2022-09-30,221277,,,
Tastemade+,USA,SVOD subscribers,2022-12-31,237873,,,
